1,Regional Operations Facilitator,Officer,400
2,Corporate Metrics Developer,Developer,1500
3,Human Quality Developer,Facilitator,500
4,Central Assurance Coordinator,Designer,900
5,Internal Web Associate,Technician,900
6,Dynamic Assurance Analyst,Supervisor,400
7,Future Configuration Manager,Developer,2000
8,Future Quality Facilitator,Executive,700
9,National Branding Engineer,Developer,600
10,District Applications Producer,Manager,800
11,Principal Usability Officer,Representative,700
12,Lead Usability Orchestrator,Strategist,500
13,Legacy Operations Strategist,Executive,900
14,National Assurance Executive,Developer,2000
15,Chief Security Specialist,Representative,600
16,Lead Operations Specialist,Producer,1500
17,Lead Tactics Liaison,Manager,500
18,Principal Paradigm Agent,Facilitator,700
19,Human Metrics Representative,Technician,400
20,Human Metrics Coordinator,Liaison,500
21,Customer Program Planner,Agent,600
22,National Solutions Supervisor,Supervisor,300
23,Forward Identity Agent,Developer,600
24,Dynamic Directives Manager,Technician,1000
25,International Optimization Architect,Strategist,700
26,Direct Applications Specialist,Producer,300
27,Corporate Creative Liaison,Manager,300
28,Corporate Markets Director,Officer,800
29,District Optimization Consultant,Director,700
30,Dynamic Paradigm Executive,Supervisor,300
31,Dynamic Usability Engineer,Architect,400
32,District Brand Liaison,Coordinator,1000
33,Corporate Configuration Architect,Administrator,700
34,Senior Usability Strategist,Director,400
35,Dynamic Configuration Consultant,Architect,400
36,Central Operations Technician,Manager,1500
37,Future Integration Facilitator,Strategist,500
38,Direct Web Manager,Agent,300
39,Central Marketing Developer,Administrator,2000
40,Global Operations Agent,Analyst,1000
41,Central Creative Orchestrator,Assistant,1500
42,Senior Response Orchestrator,Executive,700
43,International Interactions Specialist,Engineer,300
44,Senior Division Strategist,Engineer,800
45,Forward Markets Developer,Technician,900
46,Dynamic Infrastructure Coordinator,Assistant,1000
47,Future Communications Orchestrator,Consultant,800
48,Customer Branding Liaison,Orchestrator,1500
49,Senior Brand Designer,Specialist,1000
50,Chief Optimization Representative,Director,2000
51,Dynamic Markets Architect,Engineer,800
52,Principal Data Executive,Engineer,1500
53,Forward Branding Liaison,Strategist,2000
54,Regional Infrastructure Producer,Officer,500
55,Lead Creative Technician,Assistant,1000
56,Product Optimization Specialist,Officer,900
57,Central Marketing Developer,Developer,700
58,Senior Division Administrator,Associate,2000
59,Regional Communications Analyst,Producer,400
60,Corporate Accounts Assistant,Analyst,1500
61,Direct Accountability Liaison,Facilitator,400
62,Investor Infrastructure Producer,Director,700
63,Senior Usability Coordinator,Strategist,700
64,Senior Data Director,Representative,2000
65,Principal Functionality Specialist,Strategist,2000
66,Investor Web Specialist,Analyst,400
67,Central Response Analyst,Analyst,700
68,Forward Accountability Coordinator,Analyst,800
69,National Creative Executive,Associate,1000
70,Global Security Executive,Executive,300
71,Global Research Liaison,Agent,800
72,Product Brand Supervisor,Manager,600
73,Human Mobility Coordinator,Agent,400
74,Legacy Functionality Executive,Consultant,400
75,Human Response Planner,Director,500
76,Dynamic Implementation Director,Producer,900
77,District Accountability Administrator,Engineer,700
78,International Program Architect,Specialist,1500
79,District Assurance Executive,Strategist,1500
80,Human Accountability Representative,Executive,1500
81,Customer Web Representative,Orchestrator,400
82,Lead Configuration Associate,Architect,700
83,Chief Interactions Technician,Coordinator,1500
84,Lead Response Producer,Assistant,900
85,Internal Infrastructure Assistant,Designer,800
86,National Division Orchestrator,Officer,400
87,Corporate Security Coordinator,Engineer,1500
88,Corporate Infrastructure Consultant,Designer,600
89,Customer Data Officer,Designer,600
90,Principal Optimization Planner,Consultant,900
91,Future Optimization Coordinator,Engineer,700
92,Human Applications Specialist,Executive,900
93,Central Security Manager,Executive,700
94,National Operations Strategist,Agent,700
95,National Program Agent,Representative,1000
96,Dynamic Brand Manager,Executive,400
97,Dynamic Implementation Analyst,Technician,1000
98,National Infrastructure Supervisor,Executive,700
99,National Web Associate,Director,500
100,Product Functionality Associate,Orchestrator,800
101,Future Identity Executive,Orchestrator,800
102,Internal Interactions Liaison,Representative,1000
103,Customer Communications Coordinator,Planner,2000
104,Product Assurance Executive,Producer,900
105,Future Response Engineer,Coordinator,900
106,National Communications Manager,Manager,800
107,National Directives Specialist,Planner,2000
108,Senior Program Administrator,Strategist,600
109,Central Program Facilitator,Producer,300
110,Direct Factors Executive,Technician,1000
111,Principal Identity Officer,Engineer,600
112,Customer Directives Assistant,Planner,1500
113,Internal Identity Specialist,Officer,800
114,Product Branding Specialist,Manager,2000
115,Direct Operations Developer,Associate,400
116,Internal Optimization Orchestrator,Agent,700
117,Customer Metrics Director,Developer,1500
118,Chief Factors Manager,Designer,1000
119,Future Optimization Supervisor,Specialist,800
120,National Identity Officer,Facilitator,900
121,Regional Markets Strategist,Planner,500
122,Product Division Developer,Executive,800
123,Product Intranet Specialist,Technician,800
124,Internal Creative Strategist,Strategist,1000
125,International Group Administrator,Analyst,700
126,Regional Assurance Designer,Executive,1000
127,Chief Quality Architect,Strategist,700
128,Chief Integration Supervisor,Architect,2000
129,Internal Factors Planner,Specialist,700
130,Product Branding Manager,Officer,500
131,Product Operations Analyst,Designer,500
132,Lead Integration Designer,Representative,900
133,National Assurance Associate,Specialist,700
134,Product Infrastructure Coordinator,Coordinator,500
135,National Accounts Coordinator,Architect,1000
136,Product Metrics Facilitator,Coordinator,500
137,Regional Assurance Representative,Orchestrator,800
138,Product Intranet Director,Facilitator,1500
139,District Quality Orchestrator,Administrator,700
140,Corporate Metrics Orchestrator,Developer,400
141,Human Response Assistant,Representative,500
142,District Assurance Associate,Consultant,700
143,International Solutions Administrator,Engineer,2000
144,Internal Assurance Administrator,Assistant,700
145,International Assurance Strategist,Producer,300
146,Senior Creative Officer,Producer,400
147,Lead Mobility Supervisor,Engineer,1500
148,Internal Paradigm Designer,Analyst,500
149,District Identity Assistant,Orchestrator,2000
150,Internal Marketing Officer,Agent,1000
151,Legacy Factors Strategist,Supervisor,1000
152,Principal Intranet Facilitator,Producer,1000
153,Principal Assurance Director,Developer,900
154,International Branding Officer,Representative,500
155,Regional Tactics Liaison,Producer,2000
156,Dynamic Metrics Coordinator,Coordinator,700
157,Forward Assurance Executive,Liaison,600
158,Future Web Manager,Strategist,900
159,Corporate Creative Administrator,Developer,800
160,Central Solutions Analyst,Strategist,600
161,Direct Metrics Analyst,Producer,800
162,Dynamic Infrastructure Manager,Architect,800
163,Investor Mobility Developer,Architect,900
164,Lead Branding Producer,Technician,2000
165,Dynamic Solutions Executive,Developer,1000
166,Customer Directives Engineer,Facilitator,1500
167,Legacy Usability Architect,Orchestrator,2000
168,Global Security Designer,Consultant,600
169,Corporate Research Facilitator,Associate,700
170,Customer Branding Engineer,Officer,800
171,Customer Group Administrator,Manager,1500
172,International Mobility Analyst,Orchestrator,500
173,Product Mobility Technician,Supervisor,400
174,International Response Analyst,Administrator,1000
175,Global Response Officer,Designer,800
176,Legacy Directives Producer,Consultant,300
177,Principal Division Representative,Agent,900
178,International Program Associate,Administrator,400
179,Chief Metrics Technician,Strategist,600
180,Legacy Configuration Designer,Manager,700
181,Central Infrastructure Coordinator,Supervisor,2000
182,Chief Solutions Consultant,Supervisor,1000
183,Product Metrics Orchestrator,Producer,800
184,Global Group Administrator,Architect,900
185,Investor Infrastructure Liaison,Manager,800
186,Dynamic Assurance Engineer,Liaison,600
187,Internal Integration Strategist,Officer,700
188,Chief Division Specialist,Planner,1500
189,National Optimization Coordinator,Designer,500
190,Forward Markets Architect,Director,800
191,Chief Program Producer,Architect,300
192,Legacy Division Designer,Associate,600
193,Principal Web Supervisor,Director,1000
194,Future Usability Developer,Administrator,2000
195,Regional Functionality Planner,Manager,300
196,Product Usability Designer,Architect,900
197,Internal Functionality Coordinator,Representative,800
198,Lead Metrics Director,Liaison,800
199,Future Web Assistant,Executive,400
200,Lead Directives Coordinator,Executive,900
201,Dynamic Functionality Engineer,Analyst,500
202,Dynamic Markets Specialist,Specialist,1000
203,Lead Directives Analyst,Assistant,800
204,National Applications Assistant,Planner,300
205,Forward Operations Officer,Officer,300
206,Forward Usability Executive,Analyst,800
207,Dynamic Assurance Technician,Facilitator,700
208,Human Division Architect,Producer,1000
209,Human Marketing Supervisor,Specialist,900
210,District Mobility Assistant,Designer,400
211,Dynamic Identity Analyst,Associate,600
212,District Web Developer,Representative,400
213,Product Accountability Administrator,Director,2000
214,Principal Division Consultant,Manager,300
215,Investor Solutions Supervisor,Associate,900
216,Forward Optimization Manager,Representative,300
217,Product Paradigm Representative,Representative,400
218,Human Usability Planner,Consultant,700
219,Global Accounts Analyst,Designer,500
220,District Mobility Liaison,Assistant,400
221,Direct Functionality Strategist,Assistant,2000
222,Lead Optimization Director,Facilitator,400
223,Legacy Web Facilitator,Specialist,500
224,Global Usability Manager,Architect,400
225,Internal Identity Executive,Technician,1500
226,Direct Usability Facilitator,Administrator,400
227,Lead Integration Analyst,Director,400
228,Direct Applications Designer,Engineer,800
229,Lead Implementation Administrator,Executive,600
230,Regional Group Assistant,Supervisor,1500
231,Central Solutions Liaison,Engineer,400
232,Human Assurance Technician,Facilitator,600
233,Regional Integration Developer,Agent,1000
234,International Creative Engineer,Designer,700
235,Investor Branding Analyst,Supervisor,1500
236,District Research Engineer,Planner,500
237,Future Research Designer,Administrator,2000
238,Internal Accountability Supervisor,Consultant,500
239,Future Response Producer,Planner,500
240,Central Accountability Assistant,Representative,2000
241,Principal Optimization Supervisor,Manager,800
242,Corporate Branding Producer,Facilitator,300
243,Investor Configuration Specialist,Director,600
244,District Accountability Orchestrator,Facilitator,1500
245,Central Division Planner,Assistant,2000
246,Investor Applications Strategist,Developer,400
247,Human Data Agent,Administrator,2000
248,Global Markets Strategist,Facilitator,600
249,Corporate Configuration Specialist,Assistant,300
250,Direct Markets Executive,Strategist,400
251,District Mobility Director,Analyst,1500
252,Chief Operations Manager,Orchestrator,500
253,Senior Markets Producer,Designer,500
254,Investor Creative Coordinator,Strategist,2000
255,Forward Quality Orchestrator,Designer,1000
256,Customer Functionality Orchestrator,Consultant,300
257,Lead Integration Specialist,Designer,500
258,Regional Security Facilitator,Orchestrator,2000
259,Central Mobility Officer,Executive,800
260,Regional Research Architect,Strategist,300
261,International Group Representative,Technician,300
262,Forward Marketing Designer,Architect,800
263,Chief Tactics Planner,Planner,700
264,District Web Associate,Associate,900
265,Lead Interactions Executive,Facilitator,1000
266,Investor Assurance Assistant,Developer,600
267,Forward Web Technician,Administrator,2000
268,Dynamic Response Consultant,Officer,500
269,Forward Communications Strategist,Associate,400
270,Principal Accountability Technician,Analyst,1500
271,National Creative Technician,Representative,400
272,Internal Usability Architect,Representative,300
273,Lead Branding Designer,Executive,400
274,Future Mobility Associate,Planner,1500
275,National Markets Agent,Orchestrator,400
276,Customer Optimization Architect,Officer,1500
277,Chief Creative Facilitator,Representative,1000
278,Product Usability Director,Liaison,900
279,Global Branding Associate,Consultant,500
280,Lead Factors Consultant,Agent,900
281,National Web Engineer,Associate,300
282,Lead Implementation Coordinator,Designer,300
283,Principal Branding Producer,Executive,400
284,Chief Division Analyst,Analyst,900
285,Central Communications Administrator,Architect,900
286,Corporate Configuration Analyst,Designer,700
287,Corporate Optimization Manager,Executive,900
288,Internal Accounts Agent,Orchestrator,1500
289,Forward Security Executive,Producer,300
290,Direct Data Facilitator,Supervisor,600
291,Chief Assurance Designer,Architect,600
292,Senior Creative Designer,Assistant,900
293,Human Branding Liaison,Associate,800
294,Dynamic Assurance Director,Orchestrator,700
295,Product Markets Facilitator,Technician,1500
296,National Identity Orchestrator,Engineer,800
297,Dynamic Directives Agent,Producer,1000
298,Central Assurance Assistant,Developer,400
299,Customer Assurance Coordinator,Analyst,600
300,Customer Implementation Architect,Director,400
301,National Creative Representative,Officer,600
302,Forward Applications Engineer,Producer,900
303,Global Functionality Coordinator,Producer,300
304,Principal Division Analyst,Developer,900
305,Central Creative Representative,Strategist,1500
306,Principal Assurance Executive,Producer,400
307,Regional Branding Facilitator,Developer,1500
308,International Directives Executive,Planner,900
309,Future Response Administrator,Facilitator,500
310,Legacy Tactics Technician,Strategist,700
311,National Accountability Associate,Strategist,900
312,Investor Configuration Consultant,Engineer,1000
313,Central Infrastructure Administrator,Director,700
314,Direct Configuration Facilitator,Facilitator,800
315,Dynamic Operations Associate,Executive,500
316,National Program Engineer,Developer,700
317,Senior Assurance Producer,Agent,900
318,Product Integration Architect,Manager,900
319,Direct Research Technician,Manager,1500
320,Regional Mobility Coordinator,Officer,1000
321,Corporate Operations Associate,Administrator,600
322,Regional Quality Manager,Analyst,300
323,Central Intranet Assistant,Assistant,300
324,Principal Response Engineer,Officer,700
325,International Creative Technician,Executive,400
326,Dynamic Response Designer,Developer,300
327,Senior Markets Supervisor,Director,1000
328,Product Infrastructure Associate,Manager,600
329,Legacy Branding Architect,Specialist,900
330,Customer Infrastructure Executive,Specialist,900
331,Dynamic Infrastructure Administrator,Facilitator,400
332,Dynamic Brand Agent,Producer,400
333,Dynamic Paradigm Agent,Agent,600
334,District Identity Executive,Orchestrator,700
335,Principal Web Assistant,Technician,600
336,District Tactics Liaison,Liaison,400
337,Future Interactions Agent,Administrator,400
338,Dynamic Assurance Specialist,Officer,700
339,National Security Administrator,Producer,600
340,Investor Solutions Architect,Consultant,1500
341,International Brand Specialist,Orchestrator,2000
342,Global Accountability Executive,Engineer,600
343,Chief Communications Supervisor,Architect,700
344,Chief Brand Analyst,Analyst,700
345,National Factors Officer,Analyst,800
346,Customer Assurance Officer,Supervisor,400
347,International Implementation Consultant,Supervisor,1000
348,Global Marketing Developer,Associate,300
349,Corporate Creative Engineer,Representative,300
350,Dynamic Metrics Consultant,Planner,800
351,Legacy Communications Architect,Strategist,400
352,District Mobility Designer,Engineer,800
353,Internal Communications Executive,Consultant,500
354,Investor Web Agent,Officer,800
355,Future Accounts Representative,Representative,500
356,National Data Coordinator,Assistant,400
357,National Factors Technician,Designer,2000
358,Legacy Branding Administrator,Manager,1500
359,Central Identity Manager,Associate,1000
360,Forward Solutions Administrator,Liaison,900
361,Principal Integration Analyst,Assistant,800
362,Principal Implementation Strategist,Director,1500
363,Dynamic Factors Representative,Administrator,400
364,Corporate Paradigm Designer,Architect,1000
365,Forward Security Engineer,Producer,2000
366,Legacy Applications Developer,Director,600
367,District Implementation Officer,Representative,1000
368,Chief Branding Manager,Developer,300
369,District Division Analyst,Planner,1000
370,Investor Creative Designer,Officer,1000
371,Customer Marketing Liaison,Executive,600
372,Investor Creative Strategist,Developer,600
373,Dynamic Response Designer,Facilitator,400
374,Regional Interactions Executive,Planner,900
375,Lead Branding Designer,Coordinator,600
376,Central Markets Architect,Consultant,700
377,Direct Accountability Assistant,Representative,400
378,Investor Implementation Strategist,Director,1000
379,Internal Identity Technician,Director,900
380,Forward Optimization Liaison,Agent,400
381,Product Accountability Developer,Designer,1000
382,Dynamic Division Administrator,Producer,1000
383,Chief Web Assistant,Administrator,2000
384,Customer Applications Technician,Administrator,1500
385,Legacy Group Liaison,Specialist,2000
386,Forward Brand Supervisor,Liaison,600
387,Human Tactics Executive,Agent,1500
388,Chief Intranet Consultant,Associate,400
389,Investor Configuration Producer,Director,300
390,Dynamic Branding Technician,Facilitator,900
391,Chief Brand Consultant,Consultant,600
392,Forward Program Strategist,Representative,400
393,Future Paradigm Consultant,Liaison,2000
394,Dynamic Accounts Consultant,Planner,400
395,Direct Metrics Associate,Associate,600
396,National Optimization Coordinator,Strategist,800
397,National Web Director,Representative,700
398,Dynamic Data Facilitator,Assistant,300
399,Global Applications Orchestrator,Representative,700
400,Investor Security Agent,Director,500
401,Internal Web Coordinator,Producer,600
402,Investor Security Orchestrator,Analyst,600
403,Direct Solutions Planner,Executive,300
404,Dynamic Infrastructure Developer,Producer,500
405,International Assurance Agent,Liaison,500
406,District Functionality Assistant,Producer,400
407,Chief Interactions Developer,Assistant,1500
408,Internal Directives Agent,Administrator,700
409,Internal Applications Liaison,Architect,2000
410,Product Data Executive,Liaison,700
411,Forward Web Producer,Representative,600
412,Future Web Architect,Facilitator,1500
413,District Mobility Producer,Architect,800
414,Direct Marketing Agent,Analyst,2000
415,Dynamic Implementation Supervisor,Producer,600
416,District Implementation Producer,Orchestrator,1500
417,Dynamic Security Assistant,Planner,2000
418,International Marketing Specialist,Assistant,500
419,Corporate Response Orchestrator,Assistant,300
420,Lead Research Executive,Analyst,900
421,Internal Optimization Technician,Executive,400
422,Dynamic Applications Consultant,Manager,400
423,Principal Quality Producer,Supervisor,2000
424,Dynamic Solutions Officer,Associate,1000
425,National Group Agent,Technician,700
426,Global Functionality Designer,Architect,700
427,Principal Optimization Officer,Assistant,800
428,Direct Marketing Associate,Executive,2000
429,Lead Tactics Manager,Strategist,1500
430,Forward Quality Consultant,Technician,2000
431,National Identity Architect,Specialist,600
432,Corporate Division Consultant,Representative,500
433,Direct Web Technician,Assistant,300
434,Human Brand Consultant,Manager,300
435,Lead Identity Orchestrator,Assistant,1000
436,Forward Functionality Architect,Specialist,700
437,Legacy Markets Administrator,Planner,500
438,Internal Paradigm Representative,Assistant,1500
439,Customer Security Developer,Analyst,2000
440,Principal Quality Agent,Liaison,400
441,Corporate Infrastructure Developer,Assistant,1500
442,Dynamic Paradigm Officer,Supervisor,1000
443,Forward Intranet Coordinator,Technician,800
444,Regional Factors Associate,Orchestrator,300
445,Future Markets Consultant,Facilitator,1500
446,Global Configuration Consultant,Manager,700
447,Forward Identity Representative,Facilitator,400
448,International Division Developer,Orchestrator,300
449,Direct Program Supervisor,Facilitator,400
450,Customer Group Associate,Designer,1500
451,Internal Interactions Analyst,Manager,1500
452,National Research Manager,Manager,500
453,Regional Integration Manager,Assistant,900
454,Future Markets Architect,Developer,500
455,Investor Markets Manager,Planner,900
456,Human Creative Associate,Designer,400
457,Corporate Tactics Planner,Strategist,700
458,International Data Director,Officer,800
459,Dynamic Intranet Developer,Director,1500
460,Senior Identity Designer,Manager,300
461,Legacy Interactions Representative,Consultant,300
462,Investor Communications Orchestrator,Associate,900
463,National Mobility Administrator,Administrator,600
464,Corporate Tactics Representative,Associate,600
465,Senior Security Associate,Orchestrator,500
466,Principal Assurance Coordinator,Consultant,800
467,Central Mobility Planner,Agent,300
468,Dynamic Marketing Agent,Director,900
469,Principal Branding Representative,Designer,600
470,Regional Optimization Facilitator,Representative,500
471,Dynamic Data Consultant,Associate,300
472,Forward Applications Facilitator,Director,1500
473,Direct Research Facilitator,Consultant,400
474,Direct Markets Coordinator,Assistant,1500
475,Forward Branding Consultant,Specialist,300
476,Principal Usability Officer,Officer,1000
477,International Mobility Director,Technician,2000
478,Regional Metrics Executive,Executive,800
479,Dynamic Metrics Supervisor,Technician,1500
480,International Web Strategist,Coordinator,500
481,Senior Identity Agent,Orchestrator,1500
482,Human Metrics Representative,Producer,2000
483,Chief Response Administrator,Executive,2000
484,Lead Program Executive,Agent,1500
485,District Infrastructure Engineer,Coordinator,600
486,Legacy Brand Administrator,Director,1500
487,Product Mobility Executive,Agent,700
488,Regional Mobility Representative,Administrator,700
489,International Identity Facilitator,Consultant,300
490,Future Research Planner,Administrator,800
491,Dynamic Metrics Architect,Analyst,2000
492,Chief Mobility Agent,Designer,1000
493,Senior Program Liaison,Designer,1000
494,Senior Metrics Developer,Agent,1500
495,Human Markets Officer,Liaison,800
496,Regional Markets Assistant,Producer,700
497,Dynamic Integration Designer,Orchestrator,900
498,Human Brand Coordinator,Liaison,400
499,Legacy Optimization Analyst,Associate,900
500,Internal Markets Representative,Producer,400
##
1,Koelpin,Jody,Forward Operations Designer,463
2,Blick,Addison,Legacy Usability Consultant,139
3,Ullrich,Rico,Human Brand Supervisor,166
4,Lockman,Marcia,Central Response Architect,164
5,Stehr,Johnny,Corporate Quality Assistant,433
6,Weissnat,Dino,International Quality Analyst,164
7,Cummerata,Rafael,Investor Research Director,347
8,Wunsch,Dawn,Human Markets Technician,121
9,Marvin,Morris,Central Metrics Producer,84
10,Kohler,Ernie,Corporate Accounts Strategist,91
11,Jacobi,Kolby,Investor Directives Architect,223
12,Harber,Kay,Future Applications Consultant,61
13,Jast,Willa,Internal Communications Assistant,348
14,Weber,Marcelino,Global Metrics Director,264
15,Romaguera,Layla,National Accountability Technician,147
16,Toy,Kurtis,Product Response Liaison,73
17,Smitham,Frederique,Chief Marketing Consultant,170
18,Weber,Damian,District Operations Agent,489
19,Predovic,Mikel,Chief Infrastructure Supervisor,239
20,Monahan,Danika,Senior Applications Orchestrator,182
21,Upton,Mac,Product Division Manager,166
22,White,Leopoldo,National Identity Specialist,129
23,Zemlak,Korey,Dynamic Markets Liaison,244
24,Hilll,Mathias,Product Metrics Developer,392
25,Gerlach,Kitty,District Usability Planner,162
26,Mann,Teresa,Internal Research Executive,224
27,Becker,Tristian,Principal Integration Planner,495
28,Smitham,Brian,Internal Marketing Officer,336
29,Leuschke,Misty,Global Security Engineer,283
30,Prohaska,Gregoria,Senior Data Producer,7
31,Huels,Herbert,National Communications Agent,242
32,Hintz,Tara,Legacy Identity Consultant,69
33,Moore,Audreanne,District Tactics Technician,322
34,Gottlieb,Mackenzie,Internal Solutions Supervisor,330
35,Bogisich,Savion,Product Operations Architect,373
36,Johnson,Dante,Direct Factors Consultant,347
37,Raynor,Ellie,Lead Branding Manager,485
38,Kutch,Rubie,Direct Operations Associate,2
39,Trantow,Meda,International Markets Facilitator,156
40,Lang,Jarret,Dynamic Intranet Administrator,22
41,Jast,Madyson,Human Usability Producer,442
42,Kub,Lawrence,Product Security Architect,183
43,Volkman,Darryl,Internal Metrics Designer,378
44,Lockman,Murray,Human Factors Facilitator,76
45,Abernathy,Sebastian,Dynamic Usability Administrator,108
46,Bashirian,Emelie,Chief Tactics Supervisor,53
47,Fahey,Milford,Dynamic Metrics Technician,398
48,Shields,Ayla,Corporate Identity Facilitator,401
49,Reynolds,Brenna,District Research Technician,309
50,Will,Ophelia,Principal Markets Facilitator,261
51,Kling,Audie,Lead Directives Manager,449
52,Zboncak,Donnie,National Group Liaison,433
53,Lind,Eula,Future Branding Planner,462
54,Kub,Jaylen,Future Group Assistant,79
55,Goyette,Andy,Forward Directives Assistant,397
56,Prosacco,Claudine,Dynamic Optimization Agent,41
57,Schaefer,Emerson,Investor Accountability Developer,486
58,Legros,Marty,Corporate Implementation Associate,207
59,Lehner,Rupert,Corporate Marketing Supervisor,497
60,Johnson,Tommie,Chief Security Liaison,499
61,Dach,Clemens,Forward Factors Director,260
62,Mayert,Sasha,National Security Technician,52
63,Rogahn,Euna,Future Factors Manager,178
64,Senger,Rasheed,Investor Marketing Analyst,25
65,Ortiz,Abigale,Global Web Developer,47
66,Schroeder,Filiberto,Legacy Markets Director,32
67,Buckridge,Keegan,Human Brand Planner,219
68,Brekke,Kiera,Investor Functionality Agent,372
69,Romaguera,Eugenia,Direct Data Specialist,26
70,Macejkovic,Eden,Future Applications Architect,336
71,Powlowski,Ena,Senior Accountability Designer,23
72,Lueilwitz,Lukas,Global Marketing Agent,252
73,Tromp,Quinton,Forward Accounts Planner,49
74,Larson,Evie,Central Brand Liaison,33
75,Hermiston,Rico,International Identity Associate,497
76,Maggio,Eleazar,Lead Program Officer,464
77,Volkman,Letha,Forward Infrastructure Specialist,207
78,Spinka,Angel,Future Brand Coordinator,327
79,Gislason,Reynold,Legacy Operations Facilitator,199
80,Schumm,Georgette,Chief Directives Producer,177
81,Hand,Ken,Internal Directives Developer,89
82,Lakin,Maybelle,Forward Operations Orchestrator,333
83,Wolf,Dillan,Forward Metrics Developer,285
84,Beatty,Adolfo,Investor Group Coordinator,134
85,Thiel,Mortimer,Direct Accountability Administrator,144
86,Murray,Kory,Dynamic Quality Executive,477
87,Kris,Jany,District Applications Facilitator,451
88,Cremin,Dayton,Regional Group Executive,308
89,Durgan,Arlo,Central Intranet Engineer,77
90,Krajcik,Jeramie,Senior Operations Architect,104
91,Herzog,Barney,Lead Functionality Coordinator,53
92,Pacocha,Carley,Global Web Producer,410
93,Mayer,Orlo,Customer Paradigm Consultant,412
94,Frami,Deon,Principal Web Designer,149
95,Kunze,Bobbie,District Web Supervisor,316
96,DuBuque,Kenna,Direct Assurance Technician,81
97,Marvin,Rosamond,Principal Identity Assistant,94
98,Grimes,Ike,Investor Implementation Coordinator,199
99,Koch,Gerard,Forward Mobility Architect,30
100,Ryan,Jayden,Customer Web Engineer,66
101,Sporer,Jackson,Senior Data Specialist,378
102,Trantow,Claire,Senior Markets Director,142
103,Morar,Roman,District Quality Liaison,456
104,Prosacco,Shaun,Regional Branding Administrator,227
105,Fahey,Emmanuel,Human Factors Officer,77
106,Durgan,Cullen,District Configuration Administrator,328
107,Block,Veronica,Future Web Technician,110
108,Schoen,Bridie,Senior Accounts Manager,363
109,Hoeger,Fernando,Global Brand Planner,481
110,West,Helmer,Internal Integration Designer,158
111,Gottlieb,Gina,Direct Intranet Agent,66
112,Pollich,Anjali,Future Implementation Orchestrator,368
113,Harris,Sigrid,Lead Mobility Administrator,164
114,Jones,Gina,Internal Usability Associate,297
115,Jaskolski,Kaitlin,Investor Assurance Producer,74
116,Schaefer,Alfonso,Dynamic Factors Liaison,412
117,Dibbert,Hannah,Human Web Orchestrator,1
118,Ritchie,Mark,Direct Data Director,375
119,Schaden,Candida,Dynamic Usability Orchestrator,202
120,Maggio,Kim,Dynamic Optimization Assistant,40
121,Cormier,Vickie,Principal Integration Engineer,271
122,Zulauf,Hollie,Regional Integration Manager,30
123,Haag,Adelia,Senior Metrics Representative,16
124,Ullrich,Dustin,Principal Creative Designer,276
125,Franecki,Naomie,Regional Tactics Architect,332
126,Adams,Jocelyn,Direct Solutions Technician,445
127,Durgan,Gracie,District Paradigm Officer,156
128,Greenholt,Virginia,Forward Metrics Analyst,80
129,Quigley,Kasandra,Customer Program Technician,64
130,Legros,Eloy,Global Mobility Developer,254
131,Koelpin,Cornelius,Human Brand Coordinator,333
132,Tremblay,Ettie,Chief Applications Coordinator,57
133,Jast,Maxie,Future Brand Assistant,243
134,Beatty,Trudie,Dynamic Marketing Producer,266
135,Stark,Camryn,International Intranet Producer,127
136,Emard,Freddie,Regional Response Representative,484
137,Murray,Darrell,Chief Accounts Consultant,181
138,Reynolds,Karolann,Dynamic Markets Representative,67
139,Pollich,Trey,Dynamic Communications Coordinator,480
140,Schumm,Rosalia,Global Research Assistant,261
141,Cremin,Ernest,District Factors Facilitator,311
142,Kris,Lou,Corporate Web Liaison,120
143,Kemmer,Giuseppe,National Interactions Technician,352
144,Nader,Stella,Principal Paradigm Coordinator,124
145,Russel,Zechariah,Customer Communications Officer,95
146,Kub,Amiya,District Accountability Specialist,94
147,Mante,Evalyn,Regional Accountability Consultant,199
148,Gusikowski,Lue,Dynamic Paradigm Analyst,348
149,Hodkiewicz,Vivian,Corporate Program Strategist,347
150,Runolfsson,Jamie,Central Factors Planner,118
151,Wisozk,Athena,Chief Paradigm Developer,365
152,Morissette,Arthur,Chief Communications Representative,410
153,Runolfsdottir,Wyatt,Legacy Metrics Officer,472
154,Franecki,Curt,Product Web Officer,318
155,Blanda,Maude,International Creative Executive,442
156,Marquardt,Gerardo,Chief Infrastructure Analyst,80
157,Collins,Yessenia,Customer Metrics Representative,469
158,Marvin,Otha,Dynamic Quality Director,126
159,Stiedemann,Alfreda,Direct Creative Developer,424
160,Fahey,Maryam,Internal Group Specialist,332
161,Bernhard,Brandi,Lead Research Planner,428
162,Stark,Hobart,Central Division Director,176
163,McKenzie,Tyshawn,Human Web Technician,467
164,Fay,Kaela,Internal Intranet Engineer,289
165,Walker,Zetta,Forward Response Director,15
166,Crooks,Adell,Direct Usability Engineer,56
167,White,Yessenia,Dynamic Creative Developer,345
168,Hudson,Schuyler,Human Functionality Producer,290
169,Collins,Aylin,Regional Intranet Director,193
170,Boyer,Elsa,District Factors Specialist,306
171,Kub,Brigitte,National Group Consultant,141
172,Howe,Felicity,Corporate Web Consultant,178
173,Marquardt,Ezekiel,Corporate Brand Technician,35
174,Gaylord,Edwardo,Direct Response Director,237
175,Farrell,Jake,Legacy Interactions Technician,379
176,Kunze,Valentina,Senior Mobility Supervisor,434
177,Rempel,Bart,Global Factors Representative,151
178,Hettinger,Kamille,Corporate Operations Supervisor,423
179,Wintheiser,Kacie,International Security Analyst,249
180,Mante,Wilford,Internal Group Associate,177
181,Parker,Ethel,Investor Directives Planner,117
182,Konopelski,Jordi,Principal Accountability Facilitator,6
183,Cassin,Florencio,Chief Branding Officer,93
184,Hermann,Theodore,District Operations Assistant,89
185,Blick,Alejandrin,Dynamic Solutions Liaison,493
186,Kilback,Jettie,Legacy Division Assistant,107
187,Turcotte,Delta,Dynamic Branding Developer,255
188,Swaniawski,Alivia,Future Operations Consultant,214
189,Hackett,Marlin,Senior Applications Executive,400
190,Marvin,German,District Accountability Technician,299
191,Smith,Korey,National Paradigm Strategist,76
192,Schaden,Cecil,Forward Marketing Supervisor,342
193,Ratke,Akeem,District Functionality Technician,479
194,Pfannerstill,Elva,Future Communications Developer,391
195,Lehner,Johnson,Human Configuration Manager,259
196,Reichel,Eldon,Direct Marketing Facilitator,165
197,Rolfson,Caden,Senior Creative Executive,418
198,Wisozk,Angus,Investor Metrics Producer,70
199,Konopelski,Thad,Dynamic Assurance Specialist,228
200,Durgan,Coy,Global Response Liaison,88
201,Kuhn,Ladarius,Direct Marketing Engineer,83
202,Schmitt,Tianna,Future Operations Developer,285
203,Bergnaum,Devante,Legacy Identity Administrator,49
204,Brekke,Georgiana,Investor Intranet Supervisor,295
205,Reichert,Amelie,Senior Optimization Technician,128
206,McGlynn,Mossie,Central Assurance Director,277
207,Lockman,Eunice,Central Identity Coordinator,412
208,Batz,Dana,Principal Web Technician,440
209,Mitchell,Freddie,Forward Response Coordinator,397
210,Emmerich,Blaze,Senior Assurance Producer,221
211,Boyer,Caitlyn,National Solutions Agent,337
212,Mertz,Laurianne,Forward Mobility Orchestrator,83
213,Abernathy,Frederik,Investor Accounts Developer,321
214,Herzog,Evangeline,Corporate Program Facilitator,81
215,Keebler,Melvina,Global Paradigm Engineer,89
216,Kiehn,Thurman,Central Paradigm Producer,150
217,Mante,Opal,Senior Implementation Developer,395
218,Quitzon,Fabian,Legacy Factors Analyst,422
219,Kutch,Delphine,Dynamic Applications Director,88
220,Schneider,Salvatore,Corporate Integration Representative,315
221,Kreiger,Damon,Future Applications Engineer,180
222,Steuber,Ole,Investor Paradigm Coordinator,64
223,Heaney,Hassan,International Implementation Developer,418
224,Satterfield,Daniela,Forward Identity Manager,131
225,Harvey,Millie,District Marketing Designer,458
226,O'Connell,Jacey,International Program Producer,72
227,Waters,Jovan,Future Brand Analyst,314
228,Goodwin,Mekhi,Investor Quality Administrator,133
229,O'Conner,Zelma,Future Research Supervisor,159
230,Stokes,Kay,Lead Infrastructure Designer,43
231,Nolan,Martina,Human Assurance Manager,18
232,Armstrong,Keenan,Investor Creative Coordinator,348
233,Fahey,Ervin,Direct Marketing Agent,213
234,Bernhard,Edgar,Direct Applications Strategist,239
235,Mayer,Eulah,Forward Factors Administrator,334
236,Blanda,Christy,Corporate Branding Manager,474
237,Conroy,Leatha,Corporate Functionality Administrator,203
238,Pagac,Keely,Legacy Division Engineer,464
239,Toy,Davion,Lead Applications Consultant,96
240,Metz,Guadalupe,Dynamic Accountability Supervisor,121
241,Jacobs,Doug,District Marketing Specialist,94
242,Swaniawski,Dana,National Program Technician,70
243,Dach,Raul,Legacy Data Engineer,342
244,Casper,Lesley,Corporate Data Coordinator,496
245,Corwin,Sylvan,Central Program Analyst,133
246,Feest,Kaci,Senior Directives Facilitator,419
247,Morar,Gabriella,Internal Interactions Technician,102
248,Leffler,Rylee,Direct Quality Liaison,139
249,Johnston,Fannie,Lead Identity Technician,139
250,Walter,Carolyne,Central Response Strategist,263
251,Tillman,Brandt,Central Tactics Planner,288
252,Moen,Hattie,Dynamic Applications Administrator,193
253,Bogisich,Lenora,Investor Response Strategist,432
254,Gutmann,Anahi,Regional Directives Associate,108
255,Carroll,Charles,Lead Integration Agent,6
256,Ernser,Eugenia,Product Mobility Representative,48
257,Wehner,Gladys,Lead Mobility Supervisor,88
258,Armstrong,Trace,Corporate Group Representative,450
259,Wintheiser,Reyna,Future Infrastructure Planner,424
260,Stroman,Libby,Dynamic Response Specialist,35
261,Zieme,Jerel,Central Program Agent,177
262,Stamm,Sigurd,Human Program Architect,473
263,Altenwerth,Roger,District Data Developer,192
264,Sporer,Lily,Regional Factors Analyst,344
265,Hartmann,Collin,Dynamic Markets Producer,129
266,Hegmann,Pinkie,Global Functionality Planner,144
267,Kiehn,Philip,Principal Creative Strategist,480
268,Schmidt,Lizeth,Future Identity Associate,275
269,Abbott,Joy,Internal Assurance Facilitator,276
270,Armstrong,Clotilde,Regional Solutions Analyst,409
271,Simonis,Viola,Legacy Program Manager,423
272,Schuppe,Jeromy,Human Creative Analyst,456
273,Hermann,Marcellus,Chief Branding Facilitator,350
274,Kertzmann,Merritt,International Branding Specialist,126
275,Heidenreich,Julio,Investor Program Consultant,188
276,Trantow,Jeanne,Senior Solutions Technician,29
277,Kertzmann,Katrine,Chief Identity Orchestrator,37
278,Hettinger,Moises,Corporate Branding Strategist,445
279,Zieme,Birdie,Forward Implementation Technician,317
280,Gulgowski,Marcella,International Research Consultant,98
281,Doyle,Jena,Senior Creative Strategist,69
282,Rogahn,Kariane,District Accounts Producer,139
283,Ullrich,Dwight,Principal Marketing Assistant,377
284,Durgan,Devan,Human Configuration Executive,362
285,Emard,Cornelius,Principal Identity Consultant,54
286,Legros,Layla,Regional Security Producer,48
287,Morissette,Monte,Central Research Developer,264
288,Koepp,Janis,Human Tactics Assistant,200
289,Howell,Dortha,Dynamic Directives Agent,297
290,Sipes,Hyman,Product Identity Assistant,206
291,Kshlerin,Trudie,Lead Infrastructure Assistant,226
292,Boehm,Viviane,National Functionality Facilitator,156
293,Franecki,Luther,Forward Division Architect,317
294,Kshlerin,Colby,National Web Producer,433
295,Stracke,Daphnee,Dynamic Brand Strategist,213
296,Mueller,Charlotte,Dynamic Marketing Liaison,67
297,Hand,Domingo,Product Metrics Orchestrator,475
298,Skiles,Laura,International Assurance Orchestrator,268
299,Brekke,Elenora,Regional Group Developer,107
300,Johnson,Cristina,Future Division Agent,178
301,Ruecker,Steve,Customer Operations Director,90
302,Wuckert,Bridie,International Directives Director,15
303,McGlynn,Liliana,Human Usability Orchestrator,168
304,McLaughlin,Zoey,Legacy Accountability Technician,417
305,Wisozk,Arnulfo,Central Solutions Analyst,394
306,Runte,Mary,Investor Metrics Agent,146
307,Feeney,Oliver,Principal Interactions Producer,254
308,Nader,Colt,District Security Orchestrator,312
309,Bauch,Daryl,Product Paradigm Developer,17
310,Sporer,Macey,Corporate Optimization Agent,399
311,Pollich,Daisy,International Research Consultant,327
312,Mohr,Aurelia,Dynamic Optimization Developer,100
313,Feil,Ian,Human Functionality Planner,86
314,Tromp,Wilson,Dynamic Configuration Liaison,11
315,Bergnaum,Virginia,National Assurance Analyst,146
316,Collier,Grover,Lead Mobility Representative,39
317,Krajcik,Hilbert,Human Research Executive,481
318,Kunze,Shanon,Dynamic Web Executive,123
319,Schmeler,Buster,Regional Communications Facilitator,299
320,Fritsch,Holden,Dynamic Creative Analyst,410
321,Tillman,Jerel,Global Research Officer,255
322,Armstrong,Drake,Senior Web Manager,463
323,Padberg,Alfredo,Future Program Orchestrator,162
324,Streich,Priscilla,International Identity Consultant,321
325,Kuvalis,Conrad,Dynamic Markets Technician,293
326,Hahn,Brady,District Division Technician,429
327,Bauch,Jordan,Direct Branding Designer,7
328,Welch,Matilda,Future Operations Representative,9
329,Tromp,Brown,International Paradigm Liaison,353
330,Kuhlman,Adolf,Direct Identity Executive,430
331,Bednar,Wilbert,Regional Metrics Designer,51
332,Glover,Stephen,Senior Accountability Analyst,19
333,Lang,Aida,Customer Optimization Analyst,461
334,Becker,Dean,Principal Communications Consultant,104
335,Hayes,Jaylon,Customer Usability Technician,180
336,Legros,Ima,District Quality Orchestrator,325
337,Donnelly,Aditya,Regional Accounts Strategist,379
338,Boehm,Jewel,Human Response Manager,461
339,Mayert,Francesca,Central Optimization Director,162
340,Luettgen,Delphia,International Factors Representative,131
341,Smith,Dan,Investor Brand Consultant,397
342,Yundt,Berenice,Chief Markets Administrator,101
343,Wilderman,Bart,Global Operations Designer,421
344,Hudson,Leonard,Corporate Identity Consultant,431
345,Russel,Kathryne,Internal Communications Developer,173
346,Harvey,Emelie,Dynamic Configuration Representative,115
347,Will,Jarret,Internal Creative Representative,237
348,Kertzmann,Kristofer,Legacy Mobility Executive,450
349,Swaniawski,Samir,Regional Solutions Facilitator,3
350,Kertzmann,Thomas,Future Applications Planner,399
351,Rowe,Adelia,Direct Security Administrator,132
352,Crona,Merritt,Principal Optimization Executive,302
353,Schmitt,Rogelio,Internal Applications Architect,68
354,Rowe,Stanford,Investor Intranet Designer,106
355,Pagac,Camylle,Senior Usability Strategist,452
356,Walker,Marie,Principal Research Associate,59
357,Parker,Trever,Product Creative Producer,251
358,Gerhold,Katelyn,Regional Group Liaison,8
359,Funk,Ruth,Customer Security Orchestrator,240
360,Dicki,Lexus,District Data Architect,210
361,Braun,Lonny,Lead Functionality Strategist,0
362,Price,Christa,Global Implementation Specialist,54
363,Cummerata,Nelson,Customer Tactics Producer,31
364,Rau,Stanford,Principal Markets Developer,422
365,Dibbert,Rebecca,Future Assurance Associate,471
366,Kling,Bettye,National Program Specialist,437
367,Legros,Waldo,Lead Applications Director,360
368,Kohler,Blake,Direct Factors Executive,330
369,Swift,Hardy,Legacy Optimization Architect,485
370,Cremin,Marion,Central Operations Officer,190
371,Muller,Armand,Principal Creative Supervisor,229
372,Durgan,Ardella,Senior Division Executive,315
373,Rempel,Trycia,Corporate Markets Planner,402
374,Wehner,Royce,Future Group Engineer,52
375,Ledner,Cyrus,Human Creative Associate,238
376,Hilpert,Rosalee,Dynamic Configuration Associate,296
377,Goyette,Casimir,Internal Marketing Analyst,456
378,Mosciski,Carissa,Lead Branding Administrator,189
379,Keeling,Hank,Corporate Security Architect,35
380,Rodriguez,Christian,Chief Infrastructure Consultant,333
381,O'Keefe,Bridgette,Forward Group Representative,196
382,O'Reilly,Glennie,Dynamic Data Planner,224
383,Mertz,Cydney,Future Creative Strategist,135
384,Maggio,Jordan,International Functionality Specialist,389
385,Schoen,Hettie,Global Communications Executive,481
386,Konopelski,Adah,Lead Quality Architect,257
387,Conroy,Easton,Product Functionality Analyst,458
388,Hammes,Nola,Legacy Program Designer,134
389,Hoeger,Ulices,Internal Response Manager,417
390,Reinger,Vance,National Program Facilitator,102
391,Dietrich,Verna,Future Data Liaison,137
392,Konopelski,Ed,Dynamic Tactics Executive,197
393,Waters,Jacinto,Lead Marketing Facilitator,360
394,Heaney,Solon,Regional Infrastructure Developer,363
395,Lehner,Nat,Customer Response Associate,414
396,Kuhn,Elaina,District Directives Consultant,225
397,Crooks,Eriberto,Corporate Configuration Manager,206
398,Douglas,Al,Regional Integration Specialist,318
399,O'Kon,Anais,International Intranet Associate,338
400,Mueller,Meta,Dynamic Assurance Specialist,140
401,Paucek,Shane,Forward Response Director,270
402,O'Kon,Clint,Corporate Division Director,455
403,Hoeger,Christian,Internal Response Facilitator,149
404,Beer,Osbaldo,Direct Implementation Orchestrator,240
405,Smith,Terry,Investor Directives Planner,184
406,Von,Don,Direct Intranet Associate,425
407,Pollich,Sadye,Customer Markets Director,362
408,Turner,Jany,Forward Security Facilitator,263
409,Schamberger,Lesly,Chief Integration Supervisor,418
410,Durgan,Devonte,Central Integration Officer,41
411,Goodwin,Zoila,Dynamic Operations Strategist,223
412,Hartmann,Jerrold,National Identity Coordinator,140
413,Roob,Vincent,Human Program Designer,358
414,Hyatt,Abbie,Principal Markets Director,159
415,Maggio,Wade,Investor Metrics Agent,117
416,Pacocha,Gianni,Central Markets Designer,449
417,Huel,Raul,Principal Interactions Manager,349
418,Mayert,Roosevelt,Corporate Directives Director,460
419,Bernhard,Alverta,National Web Supervisor,462
420,Senger,Royal,Product Markets Officer,387
421,Rutherford,Maxie,Dynamic Factors Liaison,14
422,Schumm,Elfrieda,Forward Implementation Director,365
423,Eichmann,Estel,International Optimization Consultant,337
424,Swift,Trisha,Central Metrics Facilitator,198
425,Metz,Gertrude,Regional Identity Liaison,92
426,Labadie,Columbus,Human Integration Representative,240
427,Gleason,Kaelyn,International Branding Officer,394
428,Corwin,Mellie,Investor Integration Coordinator,492
429,Hauck,Erich,Dynamic Integration Consultant,323
430,Balistreri,Elvera,Chief Applications Strategist,364
431,Kemmer,Mozell,Forward Division Coordinator,380
432,Veum,Waino,Legacy Interactions Designer,129
433,Windler,Angelina,Forward Group Administrator,408
434,Douglas,Ova,Dynamic Web Consultant,198
435,Aufderhar,Zula,Internal Configuration Associate,269
436,Brown,Jackeline,District Mobility Specialist,176
437,Douglas,Lela,Forward Factors Architect,64
438,Lehner,Garfield,National Configuration Consultant,194
439,Hagenes,Diana,Forward Accountability Facilitator,294
440,Hartmann,Sylvia,International Interactions Technician,186
441,Schoen,Carleton,International Operations Developer,178
442,Streich,Tia,National Accountability Analyst,368
443,Schaefer,Lew,Forward Program Analyst,455
444,Flatley,Alexis,Customer Operations Executive,215
445,Olson,Alyson,Investor Accounts Specialist,174
446,Oberbrunner,Danyka,International Program Engineer,478
447,Emmerich,Blake,Customer Tactics Officer,124
448,Bradtke,Viola,Direct Accountability Supervisor,119
449,Bechtelar,Marta,Corporate Applications Architect,327
450,McLaughlin,Rubie,Chief Configuration Specialist,479
451,Purdy,Lera,Senior Accounts Producer,113
452,Hermiston,Braden,Global Paradigm Planner,458
453,Upton,Bradly,Lead Quality Strategist,110
454,Gottlieb,Elliot,Future Branding Coordinator,486
455,Conn,Oswald,Senior Accounts Consultant,382
456,Champlin,Daisy,District Data Planner,169
457,Nienow,Everardo,Human Creative Administrator,152
458,Howe,Kim,Product Marketing Technician,167
459,Upton,Gavin,Central Applications Liaison,259
460,Sipes,Trey,Legacy Security Executive,158
461,Herzog,Alexis,Regional Integration Liaison,68
462,Glover,Linwood,Regional Applications Supervisor,180
463,Goodwin,Ashly,Central Directives Strategist,110
464,Runte,Kali,Lead Communications Planner,264
465,Reilly,Addie,Dynamic Security Coordinator,183
466,Wyman,Rhea,Global Integration Assistant,229
467,Fahey,Elisabeth,International Response Liaison,65
468,Beahan,Luz,District Intranet Consultant,91
469,Franecki,Joanie,Direct Security Developer,194
470,Goodwin,Orrin,Lead Security Facilitator,90
471,Little,Myrtis,Central Data Facilitator,334
472,Boyer,Kayden,Direct Response Representative,298
473,Pollich,Bulah,District Accounts Agent,483
474,Batz,Johan,Direct Data Manager,17
475,McLaughlin,Thelma,Chief Marketing Planner,7
476,Olson,Norberto,Regional Accountability Manager,57
477,Herzog,Carolyne,Investor Program Analyst,215
478,Ruecker,Mitchel,Investor Identity Supervisor,125
479,Mann,Hailee,District Paradigm Representative,460
480,Harber,Akeem,Future Tactics Planner,332
481,Dicki,Gilbert,Customer Quality Director,160
482,Weissnat,Danika,Investor Factors Analyst,443
483,Beahan,Laury,Human Program Administrator,294
484,Beier,Blanca,Corporate Infrastructure Representative,460
485,Feil,Pietro,Future Optimization Agent,37
486,Ruecker,Lina,Internal Research Director,88
487,Christiansen,Bert,District Identity Coordinator,204
488,Hermiston,Clifton,Senior Security Analyst,443
489,Leannon,Elian,Direct Division Architect,107
490,Rogahn,Arlie,National Assurance Facilitator,405
491,Turner,Lysanne,International Accountability Associate,42
492,Murazik,Verla,Product Configuration Planner,59
493,Ryan,Raegan,Human Quality Orchestrator,267
494,Cummings,Deshaun,District Usability Developer,356
495,Terry,Velda,Global Implementation Architect,64
496,Rolfson,Pablo,National Accountability Strategist,163
497,Kreiger,Jayda,Chief Interactions Agent,377
498,Davis,Anna,Corporate Web Assistant,135
499,Kozey,Olen,Product Solutions Architect,12
500,Marks,Mozell,District Paradigm Producer,273
###
1,not successfully,46
2,successfully,340
3,not successfully,321
4,successfully,61
5,successfully,166
6,successfully,431
7,not successfully,352
8,not successfully,401
9,successfully,471
10,successfully,142
11,successfully,351
12,not successfully,200
13,not successfully,142
14,successfully,199
15,not successfully,386
16,successfully,334
17,not successfully,418
18,not successfully,40
19,successfully,222
20,successfully,478
21,not successfully,97
22,not successfully,486
23,successfully,179
24,successfully,431
25,successfully,166
26,not successfully,222
27,successfully,53
28,not successfully,73
29,successfully,317
30,successfully,122
31,not successfully,95
32,successfully,269
33,successfully,290
34,not successfully,414
35,successfully,173
36,successfully,88
37,not successfully,323
38,successfully,239
39,not successfully,465
40,not successfully,233
41,not successfully,219
42,successfully,496
43,successfully,253
44,successfully,113
45,not successfully,135
46,successfully,174
47,successfully,130
48,not successfully,155
49,not successfully,43
50,successfully,329
51,successfully,163
52,successfully,253
53,not successfully,170
54,not successfully,117
55,not successfully,405
56,not successfully,385
57,successfully,348
58,successfully,143
59,successfully,422
60,not successfully,424
61,successfully,6
62,successfully,162
63,not successfully,310
64,not successfully,419
65,not successfully,308
66,successfully,207
67,successfully,253
68,not successfully,133
69,successfully,175
70,successfully,107
71,not successfully,102
72,not successfully,465
73,successfully,169
74,not successfully,433
75,successfully,264
76,not successfully,496
77,not successfully,194
78,successfully,199
79,not successfully,103
80,not successfully,324
81,not successfully,484
82,not successfully,79
83,not successfully,168
84,not successfully,290
85,successfully,259
86,not successfully,392
87,successfully,460
88,successfully,57
89,not successfully,299
90,not successfully,348
91,successfully,11
92,successfully,231
93,successfully,491
94,successfully,33
95,successfully,380
96,not successfully,223
97,successfully,241
98,not successfully,234
99,successfully,49
100,successfully,193
101,successfully,108
102,not successfully,185
103,successfully,134
104,not successfully,289
105,successfully,255
106,not successfully,148
107,successfully,159
108,not successfully,23
109,not successfully,240
110,not successfully,292
111,successfully,302
112,not successfully,424
113,successfully,173
114,not successfully,465
115,not successfully,166
116,successfully,335
117,successfully,315
118,successfully,313
119,successfully,151
120,successfully,55
121,not successfully,185
122,successfully,329
123,not successfully,391
124,not successfully,291
125,successfully,80
126,not successfully,223
127,successfully,432
128,successfully,88
129,successfully,428
130,successfully,430
131,successfully,465
132,successfully,291
133,successfully,75
134,not successfully,295
135,successfully,258
136,not successfully,213
137,successfully,12
138,successfully,457
139,not successfully,367
140,not successfully,102
141,not successfully,61
142,successfully,49
143,successfully,321
144,not successfully,230
145,successfully,77
146,successfully,306
147,not successfully,271
148,successfully,338
149,not successfully,217
150,not successfully,191
151,not successfully,441
152,not successfully,83
153,not successfully,90
154,successfully,188
155,successfully,286
156,successfully,375
157,successfully,261
158,successfully,17
159,not successfully,252
160,successfully,147
161,not successfully,109
162,not successfully,291
163,not successfully,350
164,successfully,318
165,successfully,158
166,not successfully,357
167,not successfully,10
168,successfully,229
169,successfully,194
170,not successfully,169
171,not successfully,81
172,successfully,427
173,not successfully,294
174,successfully,9
175,not successfully,477
176,not successfully,140
177,successfully,202
178,not successfully,43
179,successfully,292
180,successfully,462
181,successfully,351
182,successfully,108
183,not successfully,120
184,successfully,278
185,successfully,386
186,not successfully,155
187,not successfully,46
188,not successfully,315
189,not successfully,364
190,successfully,66
191,not successfully,454
192,successfully,451
193,successfully,250
194,not successfully,494
195,not successfully,205
196,not successfully,290
197,not successfully,255
198,not successfully,194
199,not successfully,26
200,not successfully,371
201,not successfully,284
202,successfully,461
203,successfully,47
204,successfully,116
205,not successfully,354
206,not successfully,407
207,successfully,218
208,successfully,474
209,successfully,368
210,successfully,462
211,successfully,95
212,not successfully,385
213,successfully,417
214,successfully,361
215,not successfully,109
216,not successfully,497
217,successfully,437
218,successfully,8
219,successfully,337
220,successfully,129
221,not successfully,483
222,successfully,41
223,not successfully,295
224,successfully,441
225,successfully,406
226,successfully,293
227,successfully,45
228,successfully,410
229,not successfully,421
230,not successfully,190
231,successfully,16
232,successfully,155
233,successfully,85
234,successfully,246
235,successfully,165
236,not successfully,193
237,not successfully,69
238,not successfully,94
239,successfully,365
240,successfully,32
241,successfully,207
242,not successfully,435
243,successfully,336
244,successfully,111
245,successfully,84
246,not successfully,17
247,successfully,264
248,not successfully,54
249,not successfully,320
250,successfully,22
251,successfully,410
252,successfully,325
253,not successfully,100
254,successfully,450
255,successfully,132
256,successfully,220
257,not successfully,65
258,not successfully,362
259,not successfully,106
260,not successfully,345
261,successfully,435
262,not successfully,276
263,not successfully,105
264,successfully,128
265,successfully,480
266,not successfully,223
267,successfully,5
268,successfully,455
269,not successfully,133
270,successfully,428
271,successfully,192
272,not successfully,296
273,not successfully,227
274,not successfully,246
275,not successfully,298
276,not successfully,71
277,not successfully,243
278,not successfully,122
279,not successfully,0
280,successfully,58
281,not successfully,50
282,not successfully,319
283,not successfully,175
284,not successfully,128
285,successfully,10
286,not successfully,93
287,successfully,222
288,not successfully,358
289,not successfully,377
290,successfully,359
291,not successfully,309
292,not successfully,76
293,not successfully,290
294,successfully,219
295,not successfully,306
296,successfully,297
297,not successfully,329
298,not successfully,117
299,successfully,322
300,not successfully,458
301,successfully,102
302,not successfully,95
303,successfully,390
304,not successfully,59
305,successfully,127
306,successfully,17
307,successfully,341
308,not successfully,162
309,successfully,108
310,successfully,491
311,not successfully,410
312,successfully,391
313,successfully,16
314,successfully,86
315,not successfully,92
316,not successfully,245
317,successfully,430
318,successfully,368
319,not successfully,463
320,successfully,173
321,successfully,330
322,not successfully,417
323,successfully,242
324,successfully,286
325,not successfully,387
326,successfully,158
327,successfully,379
328,not successfully,244
329,successfully,415
330,successfully,362
331,successfully,11
332,successfully,154
333,successfully,299
334,successfully,207
335,successfully,120
336,not successfully,367
337,successfully,262
338,successfully,441
339,not successfully,336
340,successfully,236
341,not successfully,265
342,successfully,164
343,not successfully,397
344,successfully,75
345,not successfully,177
346,successfully,83
347,successfully,65
348,successfully,471
349,successfully,159
350,not successfully,309
351,successfully,346
352,successfully,86
353,successfully,184
354,successfully,354
355,successfully,232
356,not successfully,99
357,not successfully,463
358,not successfully,50
359,not successfully,224
360,not successfully,388
361,successfully,245
362,not successfully,141
363,not successfully,342
364,successfully,234
365,successfully,81
366,successfully,23
367,not successfully,199
368,not successfully,465
369,successfully,201
370,successfully,384
371,successfully,392
372,successfully,177
373,successfully,233
374,not successfully,473
375,not successfully,27
376,successfully,492
377,successfully,411
378,not successfully,95
379,successfully,56
380,not successfully,212
381,not successfully,157
382,not successfully,127
383,successfully,25
384,successfully,75
385,not successfully,207
386,successfully,232
387,not successfully,436
388,successfully,182
389,not successfully,195
390,not successfully,345
391,not successfully,354
392,successfully,321
393,successfully,9
394,successfully,220
395,not successfully,451
396,not successfully,240
397,successfully,213
398,successfully,438
399,not successfully,314
400,successfully,156
401,successfully,116
402,successfully,219
403,not successfully,315
404,successfully,407
405,not successfully,396
406,not successfully,351
407,successfully,183
408,successfully,69
409,not successfully,357
410,successfully,34
411,successfully,317
412,not successfully,48
413,not successfully,352
414,successfully,303
415,successfully,420
416,not successfully,118
417,not successfully,355
418,not successfully,53
419,not successfully,19
420,not successfully,323
421,not successfully,451
422,not successfully,129
423,successfully,365
424,successfully,469
425,not successfully,179
426,successfully,73
427,not successfully,70
428,successfully,424
429,successfully,190
430,successfully,397
431,successfully,426
432,successfully,227
433,successfully,469
434,successfully,244
435,successfully,267
436,successfully,357
437,successfully,214
438,successfully,299
439,not successfully,397
440,successfully,333
441,successfully,409
442,successfully,482
443,successfully,436
444,not successfully,34
445,not successfully,89
446,successfully,178
447,successfully,159
448,successfully,131
449,not successfully,442
450,successfully,100
451,not successfully,351
452,successfully,496
453,not successfully,101
454,not successfully,25
455,successfully,415
456,successfully,426
457,successfully,234
458,not successfully,407
459,not successfully,416
460,not successfully,367
461,successfully,403
462,not successfully,61
463,not successfully,199
464,successfully,36
465,successfully,370
466,successfully,222
467,not successfully,113
468,successfully,342
469,not successfully,409
470,successfully,356
471,successfully,5
472,not successfully,79
473,successfully,381
474,successfully,225
475,not successfully,60
476,successfully,193
477,successfully,380
478,successfully,175
479,successfully,84
480,not successfully,17
481,successfully,263
482,successfully,463
483,successfully,67
484,not successfully,390
485,not successfully,220
486,not successfully,89
487,successfully,123
488,successfully,205
489,not successfully,317
490,successfully,185
491,successfully,31
492,successfully,290
493,successfully,381
494,not successfully,375
495,not successfully,162
496,not successfully,243
497,successfully,93
498,successfully,116
499,not successfully,227
500,successfully,111
